<refentry xmlns:src="http://nwalsh.com/xmlns/litprog/fragment"
          xmlns:xsl="http://www.w3.org/1999/XSL/Transform"
          id="profile.separator">
<refmeta>
<refentrytitle>profile.separator</refentrytitle>
<refmiscinfo role="type">string</refmiscinfo>
</refmeta>
<refnamediv>
<refname>profile.separator</refname>
<refpurpose>Separator character for compound profile values</refpurpose>
</refnamediv>

<refsynopsisdiv>
<src:fragment id='profile.separator.frag'>
<xsl:param name="profile.separator" select="';'"/>
</src:fragment>
</refsynopsisdiv>

<refsect1><title>Description</title>

<para>Separator character for compound profile values.</para>

</refsect1>
</refentry>
