<refentry xmlns:src="http://nwalsh.com/xmlns/litprog/fragment"
          xmlns:xsl="http://www.w3.org/1999/XSL/Transform"
          id="reference.autolabel">
<refmeta>
<refentrytitle>reference.autolabel</refentrytitle>
<refmiscinfo role="type">boolean</refmiscinfo>
</refmeta>
<refnamediv>
<refname>reference.autolabel</refname>
<refpurpose>Specifies the labeling format for Reference titles</refpurpose>
</refnamediv>

<refsynopsisdiv>
<src:fragment id='reference.autolabel.frag'><xsl:param name="reference.autolabel" select="'I'"/></src:fragment>
</refsynopsisdiv>

<refsect1><title>Description</title>

<para>If zero, then references will not be numbered.
Otherwise references will be numbered, using the parameter value
as the number format if the value matches one of the following:
</para>

<variablelist>
  <varlistentry>
    <term>1 or arabic</term>
    <listitem>
      <para>Arabic numeration (1, 2, 3 ...).</para>
    </listitem>
  </varlistentry>
  <varlistentry>
    <term>A or upperalpha</term>
    <listitem>
      <para>Uppercase letter numeration (A, B, C ...).</para>
    </listitem>
  </varlistentry>
  <varlistentry>
    <term>a or loweralpha</term>
    <listitem>
      <para>Lowercase letter numeration (a, b, c ...).</para>
    </listitem>
  </varlistentry>
  <varlistentry>
    <term>I or upperroman</term>
    <listitem>
      <para>Uppercase roman numeration (I, II, III ...).</para>
    </listitem>
  </varlistentry>
  <varlistentry>
    <term>i or lowerroman</term>
    <listitem>
      <para>Lowercase roman letter numeration (i, ii, iii ...).</para>
    </listitem>
  </varlistentry>
</variablelist>

<para>Any nonzero value other than the above will generate
the default number format (upperroman).
</para>


</refsect1>
</refentry>
