<refentry xmlns:src="http://nwalsh.com/xmlns/litprog/fragment"
          xmlns:xsl="http://www.w3.org/1999/XSL/Transform"
          id="region.after.extent">
<refmeta>
<refentrytitle>region.after.extent</refentrytitle>

</refmeta>
<refnamediv>
<refname>region.after.extent</refname>
<refpurpose>Specifies the height of the footer.</refpurpose>
</refnamediv>

<refsynopsisdiv>
<src:fragment id='region.after.extent.frag'>
<xsl:param name="region.after.extent" select="'0.4in'"/>
</src:fragment>
</refsynopsisdiv>

<refsect1><title>Description</title>

<para>The region after extent is the height of the area where footers
are printed.
</para>

</refsect1>
</refentry>
