<refentry xmlns:src="http://nwalsh.com/xmlns/litprog/fragment"
          xmlns:xsl="http://www.w3.org/1999/XSL/Transform"
          id="runinhead.title.end.punct">
<refmeta>
<refentrytitle>runinhead.title.end.punct</refentrytitle>
<refmiscinfo role="type">string</refmiscinfo>
</refmeta>
<refnamediv>
<refname>runinhead.title.end.punct</refname>
<refpurpose>Characters that count as punctuation on a run-in-head</refpurpose>
</refnamediv>

<refsynopsisdiv>
<src:fragment id='runinhead.title.end.punct.frag'><xsl:param name="runinhead.title.end.punct" select="'.!?:'"/></src:fragment>
</refsynopsisdiv>

<refsect1><title>Description</title>

<para>FIXME:
</para>

</refsect1>
</refentry>
