<refentry xmlns:src="http://nwalsh.com/xmlns/litprog/fragment"
          xmlns:xsl="http://www.w3.org/1999/XSL/Transform"
          id="spacing.paras">
<refmeta>
<refentrytitle>spacing.paras</refentrytitle>
<refmiscinfo role="type">boolean</refmiscinfo>
</refmeta>
<refnamediv>
<refname>spacing.paras</refname>
<refpurpose>Insert additional &lt;p&gt; elements for spacing?</refpurpose>
</refnamediv>

<refsynopsisdiv>
<src:fragment id='spacing.paras.frag'><xsl:param name="spacing.paras" select="'0'"/></src:fragment>
</refsynopsisdiv>

<refsect1><title>Description</title>

<para>When non-zero, additional, empty paragraphs are inserted in
several contexts (for example, around informal figures), to create a
more pleasing visual appearance in many browsers.
</para>

</refsect1>
</refentry>
