<refentry xmlns:src="http://nwalsh.com/xmlns/litprog/fragment"
          xmlns:xsl="http://www.w3.org/1999/XSL/Transform"
          id="textinsert.extension">
<refmeta>
<refentrytitle>textinsert.extension</refentrytitle>
<refmiscinfo role="type">boolean</refmiscinfo>
</refmeta>
<refnamediv>
<refname>textinsert.extension</refname>
<refpurpose>Enable the textinsert extension element</refpurpose>
</refnamediv>

<refsynopsisdiv>
<src:fragment id='textinsert.extension.frag'><xsl:param name="textinsert.extension" select="'1'"/></src:fragment>
</refsynopsisdiv>

<refsect1><title>Description</title>

<para>The textinsert extension element inserts the contents of a
a file into the result tree (as text).
</para>

</refsect1>
</refentry>
