<refentry xmlns:src="http://nwalsh.com/xmlns/litprog/fragment"
          xmlns:xsl="http://www.w3.org/1999/XSL/Transform"
          id="toc.list.type">
<refmeta>
<refentrytitle>toc.list.type</refentrytitle>
<refmiscinfo role="type">list</refmiscinfo>
<refmiscinfo role="value">dl</refmiscinfo>
<refmiscinfo role="value">ul</refmiscinfo>
<refmiscinfo role="value">ol</refmiscinfo>
</refmeta>
<refnamediv>
<refname>toc.list.type</refname>
<refpurpose>Type of HTML list element to use for Tables of Contents</refpurpose>
</refnamediv>

<refsynopsisdiv>
<src:fragment id='toc.list.type.frag'><xsl:param name="toc.list.type">dl</xsl:param></src:fragment>
</refsynopsisdiv>

<refsect1><title>Description</title>

<para>When an automatically generated Table of Contents (or List of Titles)
is produced, this HTML element will be used to make the list.
</para>

</refsect1>
</refentry>
