<refentry xmlns:src="http://nwalsh.com/xmlns/litprog/fragment"
          xmlns:xsl="http://www.w3.org/1999/XSL/Transform"
          id="xep.index.item.properties">
<refnamediv>
<refname>xep.index.item.properties</refname>
<refpurpose>Properties associated with XEP index-items</refpurpose>
</refnamediv>

<refsynopsisdiv>
<src:fragment id='xep.index.item.properties.frag'>
<xsl:attribute-set name="xep.index.item.properties"
      use-attribute-sets="index.page.number.properties">
  <xsl:attribute name="merge-subsequent-page-numbers">true</xsl:attribute>
  <xsl:attribute name="link-back">true</xsl:attribute>
</xsl:attribute-set>
</src:fragment>
</refsynopsisdiv>

<refsect1><title>Description</title>

<para>Properties associated with XEP index-items, which generate
page numbers in an index processed by XEP. For more info see
the XEP documentation section "Indexes" in
<ulink
    url="http://www.renderx.com/reference.html#Indexes" />.</para>

<para>This attribute-set also adds by default any properties from the
<sgmltag CLASS="attribute">index.page.number.properties</sgmltag>
attribute-set.</para>
</refsect1>
</refentry>
