<?xml version="1.0" encoding="US-ASCII"?>
<l:l10n language="ja" xmlns:l="http://docbook.sourceforge.net/xmlns/l10n/1.0">
    <l:gentext key="Appendix"                      text="&#20184;&#37682;"/>
    <l:gentext key="appendix"                      text="&#20184;&#37682;"/>
    <l:gentext key="CAUTION"                       text="[&#27880;]"/>
    <l:gentext key="Caution"                       text="&#27880;"/>
    <l:gentext key="caution"                       text="&#27880;"/>
    <l:gentext key="Chapter"                       text="&#31532;"/>
    <l:gentext key="chapter"                       text="&#31532;"/>
    <l:gentext key="GlossSee"                      text="See"/>
    <l:gentext key="glosssee"                      text="See"/>
    <l:gentext key="GlossSeeAlso"                  text="See Also"/>
    <l:gentext key="glossseealso"                  text="See Also"/>
    <l:gentext key="IMPORTANT"                     text="&#37325;&#35201;"/>
    <l:gentext key="important"                     text="&#37325;&#35201;"/>
    <l:gentext key="Important"                     text="&#37325;&#35201;"/>
    <l:gentext key="Index"                         text="&#32034;&#24341;"/>
    <l:gentext key="index"                         text="&#32034;&#24341;"/>
    <l:gentext key="NOTE"                          text="&#21442;&#32771;"/>
    <l:gentext key="Note"                          text="&#21442;&#32771;"/>
    <l:gentext key="note"                          text="&#21442;&#32771;"/>
    <l:gentext key="Part"                          text="Part"/>
    <l:gentext key="part"                          text="Part"/>
    <l:gentext key="sect1"                         text="&#31680;"/>
    <l:gentext key="sect2"                         text="&#31680;"/>
    <l:gentext key="sect3"                         text="&#31680;"/>
    <l:gentext key="sect4"                         text="&#31680;"/>
    <l:gentext key="sect5"                         text="&#31680;"/>
    <l:gentext key="section"                       text="&#31680;"/>
    <l:gentext key="Section"                       text="&#31680;"/>
    <l:gentext key="see"                           text="See"/>
    <l:gentext key="See"                           text="See"/>
    <l:gentext key="seealso"                       text="See also"/>
    <l:gentext key="Seealso"                       text="See also"/>
    <l:gentext key="SeeAlso"                       text="See Also"/>
    <l:gentext key="setindex"                      text="&#32034;&#24341;&#35373;&#23450;"/>
    <l:gentext key="SetIndex"                      text="&#32034;&#24341;&#35373;&#23450;"/>
    <l:gentext key="notes"                         text="&#21442;&#32771;"/>
    <l:gentext key="Notes"                         text="&#21442;&#32771;"/>
    <l:gentext key="TableNotes"                    text="&#21442;&#29031;"/>
    <l:gentext key="tablenotes"                    text="&#21442;&#29031;"/>
    <l:gentext key="listofequations"               text="&#24335;&#30446;&#27425;"/>
    <l:gentext key="ListofEquations"               text="&#24335;&#30446;&#27425;"/>
    <l:gentext key="ListofExamples"                text="&#20363;&#30446;&#27425;"/>
    <l:gentext key="listofexamples"                text="&#20363;&#30446;&#27425;"/>
    <l:gentext key="ListofFigures"                 text="&#22259;&#30446;&#27425;"/>
    <l:gentext key="listoffigures"                 text="&#22259;&#30446;&#27425;"/>
    <l:gentext key="listoftables"                  text="&#34920;&#30446;&#27425;"/>
    <l:gentext key="ListofTables"                  text="&#34920;&#30446;&#27425;"/>
    <l:gentext key="ListofUnknown"                 text="&#19981;&#26126;&#30446;&#27425;"/>
    <l:gentext key="listofunknown"                 text="&#19981;&#26126;&#30446;&#27425;"/>
    <l:gentext key="Warning"                       text="&#27880;&#24847;"/>
    <l:gentext key="warning"                       text="&#27880;&#24847;"/>
    <l:gentext key="WARNING"                       text="&#27880;&#24847;!"/>
    <l:gentext key="hyphenation-character"         text=""/>
    <l:gentext key="hyphenation-push-character-count"   text="2"/>
    <l:gentext key="hyphenation-remain-character-count" text="2"/>
    <l:gentext key="bookinfo-infotitle"             text="&#25991;&#26360;&#24773;&#22577;"/>
    <l:gentext key="bookinfo-title"                 text="&#25991;&#26360;&#21517;"/>
    <l:gentext key="bookinfo-pubdate"               text="&#30330;&#34892;&#26085;"/>
    <l:gentext key="bookinfo-productnumber"         text="&#12477;&#12501;&#12488;&#12454;&#12455;&#12450;&#12496;&#12540;&#12472;&#12519;&#12531;"/>
    <l:gentext key="bookinfo-edition"               text="&#12460;&#12452;&#12489;&#12496;&#12540;&#12472;&#12519;&#12531;"/>
    <l:gentext key="chapter-end"                    text="&#31456;"/>

		<l:context name="datetime">
		  <l:template name="format" text="Y-m-d"/>
		</l:context>

    <l:context name="title">
        <l:template name="appendix"                text="&#20184;&#37682;&#160;%n.&#160;%t"/>
        <l:template name="chapter"                 text="&#31532;%n&#31456;&#160;%t"/>
        <l:template name="figure"                  text="[&#22259; %n]&#160;%t"/>
        <l:template name="table"                   text="[&#34920; %n]&#160;%t"/>
        <l:template name="equation"                text="[&#24335; %n]&#160;%t"/>
        <l:template name="example"                 text="[&#20363; %n]&#160;%t"/>
        <l:template name="part"                    text="Part&#160;%n.&#160;%t"/>
        <l:template name="procedure.formal"        text="&#25163;&#38918;%n. %t"/>
        <l:template name="productionset.formal"    text="&#12503;&#12525;&#12480;&#12463;&#12471;&#12519;&#12531;%n"/>
    </l:context>

    <l:context name="title-numbered">
        <l:template name="part"                    text="Part&#160;%n.&#160;%t"/>
        <l:template name="appendix"                text="&#20184;&#37682;&#160;%n.&#160;%t"/>
        <l:template name="chapter"                 text="&#31532;%n&#31456;&#160;%t"/>
        <l:template name="part"                    text="Part&#160;%n.&#160;%t"/>
    </l:context>

    <l:context name="xref">
        <l:template name="answer"                  text="&#31572;&#65306;%n"/>
        <l:template name="bridgehead"              text="%t"/>
        <l:template name="qandaentry"              text="&#21839;&#65306;%n"/>
        <l:template name="question"                text="&#21839;&#65306;%n"/>
        <l:template name="olink.document.citation" text="&#12302;%o&#12303;. "/>
        <l:template name="refsection"              text="%t"/>
        <l:template name="refsect1"                text="%t"/>
        <l:template name="refsect2"                text="%t"/>
        <l:template name="refsect3"                text="%t"/>
        <l:template name="sect1"                   text="%t"/>
        <l:template name="sect2"                   text="%t"/>
        <l:template name="sect3"                   text="%t"/>
        <l:template name="sect4"                   text="%t"/>
        <l:template name="sect5"                   text="%t"/>
        <l:template name="section"                 text="%t"/>
        <l:template name="simplesect"              text="%t"/>
    </l:context>

    <l:context name="xref-number">
        <l:template name="appendix"                text="&#20184;&#37682;&#160;%n."/>
        <l:template name="chapter"                 text="&#31532;%n&#31456;"/>
        <l:template name="answer"                  text="&#31572;&#65306;%n"/>
        <l:template name="bridgehead"              text="%n&#31680;"/>
        <l:template name="equation"                text="&#24335;%n"/>
        <l:template name="example"                 text="&#20363;%n"/>
        <l:template name="figure"                  text="&#22259;%n"/>
        <l:template name="part"                    text="Part&#160;%n"/>
        <l:template name="procedure"               text="&#25163;&#38918;%n"/>
        <l:template name="productionset"           text="&#12503;&#12525;&#12480;&#12463;&#12471;&#12519;&#12531;%n"/>
        <l:template name="qandadiv"                text="&#21839;&#65306;&#12289;&#31572;&#65306;%n"/>
        <l:template name="qandaentry"              text="&#21839;&#65306;%n"/>
        <l:template name="question"                text="&#21839;&#65306;%n"/>
        <l:template name="sect1"                   text="%n&#31680;"/>
        <l:template name="sect2"                   text="%n&#31680;"/>
        <l:template name="sect3"                   text="%n&#31680;"/>
        <l:template name="sect4"                   text="%n&#31680;"/>
        <l:template name="sect5"                   text="%n&#31680;"/>
        <l:template name="section"                 text="%n&#31680;"/>
        <l:template name="table"                   text="&#34920;%n"/>
    </l:context>

    <l:context name="xref-number-and-title">
        <l:template name="bridgehead"              text="%n&#31680;&#12300;%t&#12301;"/>
        <l:template name="appendix"                text="&#12300;&#20184;&#37682;&#160;%n.&#160;%t&#12301;"/>
        <l:template name="chapter"                 text="&#12300;&#31532;%n&#31456;&#160;%t&#12301;"/>
        <l:template name="equation"                text="&#24335;&#160;%n"/>
        <l:template name="example"                 text="&#91;&#20363;&#160;%n&#93;"/>
        <l:template name="figure"                  text="&#91;&#22259;&#160;%n&#93;"/>
        <l:template name="part"                    text="Part&#160;%n, &#12300;%t&#12301;"/>
        <l:template name="procedure"               text="&#25163;&#38918;&#160;%n"/>
        <l:template name="productionset"           text="&#12503;&#12525;&#12480;&#12463;&#12471;&#12519;&#12531;%n"/>
        <l:template name="qandadiv"                text="&#21839;&#65306;&#12289;&#31572;&#65306;%n"/>
        <l:template name="table"                   text="&#91;&#34920;&#160;%n&#93;"/>
        <l:template name="sect1"                   text="&#12300;%n. %t&#12301;"/>
        <l:template name="sect2"                   text="&#12300;%n. %t&#12301;"/>
        <l:template name="sect3"                   text="&#12300;%n. %t&#12301;"/>
        <l:template name="sect4"                   text="&#12300;%n. %t&#12301;"/>
        <l:template name="sect5"                   text="&#12300;%n. %t&#12301;"/>
        <l:template name="section"                 text="&#12300;%n. %t&#12301;"/>
    </l:context>
</l:l10n>
